[
  {
    "value": "grilled chicken taco",
    "synonyms": [
      "grilled chicken taco",
      "grilled chicken tacos",
      "chicken tacos"
    ]
  },
  {
    "value": "barbecue chicken pizza",
    "synonyms": [
      "barbecue chicken pizza",
      "barbeque chicken pizza",
      "chicken pizza",
      "bbq chicken pizza"
    ]
  },
  {
    "value": "grass fed burger",
    "synonyms": [
      "grass fed burger",
      "grassfed burger",
      "grass fed burgers",
      "grassfed burgers"
    ]
  },
  {
    "value": "vegetables",
    "synonyms": [
      "vegetables",
      "salad",
      "greens"
    ]
  },
  {
    "value": "mushrooms",
    "synonyms": [
      "mushrooms"
    ]
  }
]