[
  {
    "value": "dislike",
    "synonyms": [
      "dislike"
    ]
  },
  {
    "value": "dislikes",
    "synonyms": [
      "dislikes"
    ]
  },
  {
    "value": "do not like",
    "synonyms": [
      "do not like"
    ]
  },
  {
    "value": "don\u0027t like",
    "synonyms": [
      "don\u0027t like"
    ]
  },
  {
    "value": "hate",
    "synonyms": [
      "hate"
    ]
  },
  {
    "value": "gross",
    "synonyms": [
      "gross"
    ]
  },
  {
    "value": "disgusting",
    "synonyms": [
      "disgusting"
    ]
  },
  {
    "value": "nasty",
    "synonyms": [
      "nasty"
    ]
  },
  {
    "value": "don\u0027t prefer",
    "synonyms": [
      "don\u0027t prefer"
    ]
  },
  {
    "value": "do not prefer",
    "synonyms": [
      "do not prefer"
    ]
  }
]