[
  {
    "value": "likes",
    "synonyms": [
      "likes",
      "love",
      "like",
      "favorite",
      "favorites",
      "preferences",
      "preference"
    ]
  },
  {
    "value": "favorite",
    "synonyms": [
      "favorite"
    ]
  },
  {
    "value": "favorites",
    "synonyms": [
      "favorites"
    ]
  },
  {
    "value": "like",
    "synonyms": [
      "like"
    ]
  },
  {
    "value": "love",
    "synonyms": [
      "love"
    ]
  },
  {
    "value": "loves",
    "synonyms": [
      "loves"
    ]
  },
  {
    "value": "delicious",
    "synonyms": [
      "delicious"
    ]
  },
  {
    "value": "amazing",
    "synonyms": [
      "amazing"
    ]
  },
  {
    "value": "really good",
    "synonyms": [
      "really good"
    ]
  },
  {
    "value": "good",
    "synonyms": [
      "good"
    ]
  },
  {
    "value": "preferences",
    "synonyms": [
      "preferences"
    ]
  }
]