[
  {
    "id": "78f50d77-a40a-4f93-856f-6a83c83e016b",
    "data": [
      {
        "text": "end",
        "userDefined": false
      }
    ],
    "isTemplate": false,
    "count": 0,
    "updated": 1538625079
  },
  {
    "id": "f53c4f61-ae83-4e43-b9b2-057ffcf2ca24",
    "data": [
      {
        "text": "exit",
        "userDefined": false
      }
    ],
    "isTemplate": false,
    "count": 0,
    "updated": 1538625134
  },
  {
    "id": "5ca0e597-da49-453d-bc47-b77735e66438",
    "data": [
      {
        "text": "goodbye",
        "userDefined": false
      }
    ],
    "isTemplate": false,
    "count": 0,
    "updated": 1538625079
  },
  {
    "id": "c470a0bf-1f5d-4902-b58a-affc74bd77e8",
    "data": [
      {
        "text": "quit",
        "userDefined": false
      }
    ],
    "isTemplate": false,
    "count": 0,
    "updated": 1538625079
  }
]