[
  {
    "id": "e79dcbf5-ea28-4ca0-8f91-f1a5b1f2041a",
    "data": [
      {
        "text": "i ",
        "userDefined": false
      },
      {
        "text": "love",
        "alias": "user-sentiment-positive",
        "meta": "@user-sentiment-positive",
        "userDefined": false
      },
      {
        "text": " ",
        "userDefined": false
      },
      {
        "text": "barbecue chicken pizza",
        "alias": "meal-items",
        "meta": "@meal-item",
        "userDefined": false
      },
      {
        "text": " and ",
        "userDefined": false
      },
      {
        "text": "vegetables",
        "alias": "meal-items",
        "meta": "@meal-item",
        "userDefined": false
      }
    ],
    "isTemplate": false,
    "count": 0
  },
  {
    "id": "651662b8-56a7-4e00-9b7b-dcbf5a72d3f1",
    "data": [
      {
        "text": "add",
        "alias": "user-desired-operation",
        "meta": "@user-desired-operation",
        "userDefined": false
      },
      {
        "text": " ",
        "userDefined": false
      },
      {
        "text": "barbecue chicken pizza",
        "alias": "meal-items",
        "meta": "@meal-item",
        "userDefined": false
      },
      {
        "text": " to my ",
        "userDefined": false
      },
      {
        "text": "favorites",
        "alias": "user-sentiment-positive",
        "meta": "@user-sentiment-positive",
        "userDefined": false
      }
    ],
    "isTemplate": false,
    "count": 0
  },
  {
    "id": "a02050d9-d052-425e-9c50-27b41ff59599",
    "data": [
      {
        "text": "remove",
        "alias": "user-desired-operation",
        "meta": "@user-desired-operation",
        "userDefined": false
      },
      {
        "text": " ",
        "userDefined": false
      },
      {
        "text": "grass-fed burgers",
        "alias": "meal-items",
        "meta": "@meal-item",
        "userDefined": false
      },
      {
        "text": " from my ",
        "userDefined": false
      },
      {
        "text": "dislikes",
        "alias": "user-sentiment-negative",
        "meta": "@user-sentiment-negative",
        "userDefined": false
      }
    ],
    "isTemplate": false,
    "count": 0
  },
  {
    "id": "118d0da7-56ea-42b9-bb3f-e7fee98741e4",
    "data": [
      {
        "text": "I ",
        "userDefined": false
      },
      {
        "text": "don\u0027t like",
        "alias": "user-sentiment-negative",
        "meta": "@user-sentiment-negative",
        "userDefined": false
      },
      {
        "text": " ",
        "userDefined": false
      },
      {
        "text": "barbecue chicken pizza",
        "alias": "meal-items",
        "meta": "@meal-item",
        "userDefined": false
      }
    ],
    "isTemplate": false,
    "count": 0
  },
  {
    "id": "cc7bc76e-430f-413f-ad90-aad80c54dfcd",
    "data": [
      {
        "text": "I ",
        "userDefined": false
      },
      {
        "text": "like",
        "alias": "user-sentiment-positive",
        "meta": "@user-sentiment-positive",
        "userDefined": false
      },
      {
        "text": " ",
        "userDefined": false
      },
      {
        "text": "grilled chicken tacos",
        "alias": "meal-items",
        "meta": "@meal-item",
        "userDefined": false
      }
    ],
    "isTemplate": false,
    "count": 0
  }
]