[
  {
    "id": "f11f4805-db7e-406f-869e-7c2635642ff9",
    "data": [
      {
        "text": "I\u0027m ",
        "userDefined": false
      },
      {
        "text": "not",
        "alias": "user-desired-operation",
        "meta": "@user-desired-operation",
        "userDefined": true
      },
      {
        "text": " ",
        "userDefined": false
      },
      {
        "text": "vegan",
        "alias": "user-philosophy",
        "meta": "@user-philosophy",
        "userDefined": false
      }
    ],
    "isTemplate": false,
    "count": 0
  },
  {
    "id": "596305c7-fc55-45c0-bdca-edd9a86b850c",
    "data": [
      {
        "text": "delete",
        "alias": "user-desired-operation",
        "meta": "@user-desired-operation",
        "userDefined": false
      },
      {
        "text": " ",
        "userDefined": false
      },
      {
        "text": "vegan",
        "alias": "user-philosophy",
        "meta": "@user-philosophy",
        "userDefined": false
      }
    ],
    "isTemplate": false,
    "count": 0
  },
  {
    "id": "a3b36784-1e5e-4718-9a31-80cd8b8ea50c",
    "data": [
      {
        "text": "forget",
        "alias": "user-desired-operation",
        "meta": "@user-desired-operation",
        "userDefined": true
      },
      {
        "text": " that I\u0027m ",
        "userDefined": false
      },
      {
        "text": "vegan",
        "alias": "user-philosophy",
        "meta": "@user-philosophy",
        "userDefined": false
      }
    ],
    "isTemplate": false,
    "count": 0
  },
  {
    "id": "1fabfeb3-d6be-43c0-97c9-dbd562bd1693",
    "data": [
      {
        "text": "remove",
        "alias": "user-desired-operation",
        "meta": "@user-desired-operation",
        "userDefined": false
      },
      {
        "text": " ",
        "userDefined": false
      },
      {
        "text": "vegetarian",
        "alias": "user-philosophy",
        "meta": "@user-philosophy",
        "userDefined": false
      },
      {
        "text": " from my data",
        "userDefined": false
      }
    ],
    "isTemplate": false,
    "count": 0
  },
  {
    "id": "548feddf-49ed-41e6-8bff-44ffe602bc7d",
    "data": [
      {
        "text": "I only eat ",
        "userDefined": false
      },
      {
        "text": "vegan",
        "alias": "user-philosophy",
        "meta": "@user-philosophy",
        "userDefined": false
      }
    ],
    "isTemplate": false,
    "count": 0
  },
  {
    "id": "27630da1-34c1-487b-b3f7-8f02284fce37",
    "data": [
      {
        "text": "I\u0027m ",
        "userDefined": false
      },
      {
        "text": "vegetarian",
        "alias": "user-philosophy",
        "meta": "@user-philosophy",
        "userDefined": false
      }
    ],
    "isTemplate": false,
    "count": 0
  }
]