[
  {
    "id": "4e874cdb-faeb-4156-8eea-74657fbef933",
    "data": [
      {
        "text": "Ilan",
        "alias": "given-name",
        "meta": "@sys.given-name",
        "userDefined": true
      }
    ],
    "isTemplate": false,
    "count": 0
  },
  {
    "id": "e3c8a13e-3b10-4714-91b0-486e675ae343",
    "data": [
      {
        "text": "Elon",
        "alias": "given-name",
        "meta": "@sys.given-name",
        "userDefined": false
      }
    ],
    "isTemplate": false,
    "count": 0
  },
  {
    "id": "cbb95586-8ec6-4936-9366-ed40d4666079",
    "data": [
      {
        "text": "my name is ",
        "userDefined": false
      },
      {
        "text": "Waseem",
        "alias": "given-name",
        "meta": "@sys.given-name",
        "userDefined": true
      }
    ],
    "isTemplate": false,
    "count": 0
  },
  {
    "id": "52b70434-fe96-40ef-9f31-5c8ff0ef9932",
    "data": [
      {
        "text": "call me ",
        "userDefined": false
      },
      {
        "text": "Ajay",
        "alias": "given-name",
        "meta": "@sys.given-name",
        "userDefined": false
      }
    ],
    "isTemplate": false,
    "count": 0
  },
  {
    "id": "95045436-dfb3-4ad2-9088-ef8e27eb709a",
    "data": [
      {
        "text": "change",
        "meta": "@sys.ignore",
        "userDefined": false
      },
      {
        "text": " my name to ",
        "userDefined": false
      },
      {
        "text": "Sylvia",
        "alias": "given-name",
        "meta": "@sys.given-name",
        "userDefined": false
      }
    ],
    "isTemplate": false,
    "count": 0
  },
  {
    "id": "7bee9911-cafa-4b32-97e4-f8d185ff134a",
    "data": [
      {
        "text": "save a new name",
        "userDefined": false
      }
    ],
    "isTemplate": false,
    "count": 0
  },
  {
    "id": "f01c3417-7eec-420f-80e6-e0f2cc100ef3",
    "data": [
      {
        "text": "change my name",
        "userDefined": false
      }
    ],
    "isTemplate": false,
    "count": 0
  },
  {
    "id": "4f214fa3-dcea-46fc-bcf7-fa0d30ef41a1",
    "data": [
      {
        "text": "Vivek",
        "alias": "given-name",
        "meta": "@sys.given-name",
        "userDefined": true
      }
    ],
    "isTemplate": false,
    "count": 0
  },
  {
    "id": "04ea3fad-82c5-4b10-8a22-f53d2814204b",
    "data": [
      {
        "text": "I\u0027m ",
        "userDefined": false
      },
      {
        "text": "Yao",
        "alias": "given-name",
        "meta": "@sys.given-name",
        "userDefined": true
      }
    ],
    "isTemplate": false,
    "count": 0
  }
]