[
  {
    "id": "95ca4464-9df3-454a-81ab-9bb4e2d92972",
    "data": [
      {
        "text": "I ",
        "userDefined": false
      },
      {
        "text": "can\u0027t eat",
        "alias": "user-field-allergies",
        "meta": "@user-field-allergies",
        "userDefined": true
      },
      {
        "text": " ",
        "userDefined": false
      },
      {
        "text": "gluten",
        "alias": "user-allergy-item",
        "meta": "@user-allergy-item",
        "userDefined": true
      },
      {
        "text": " anymore",
        "userDefined": false
      }
    ],
    "isTemplate": false,
    "count": 0
  },
  {
    "id": "3b586d0e-445e-45a1-9990-8e3bfff85c1b",
    "data": [
      {
        "text": "add",
        "alias": "user-desired-operation",
        "meta": "@user-desired-operation",
        "userDefined": false
      },
      {
        "text": " ",
        "userDefined": false
      },
      {
        "text": "gluten",
        "alias": "user-allergy-item",
        "meta": "@user-allergy-item",
        "userDefined": true
      },
      {
        "text": " to ",
        "userDefined": false
      },
      {
        "text": "my allergies",
        "alias": "user-field-allergies",
        "meta": "@user-field-allergies",
        "userDefined": true
      }
    ],
    "isTemplate": false,
    "count": 0
  },
  {
    "id": "c30a65f3-6052-4211-abb0-9d4af70a04ef",
    "data": [
      {
        "text": "remove",
        "alias": "user-desired-operation",
        "meta": "@user-desired-operation",
        "userDefined": false
      },
      {
        "text": " ",
        "userDefined": false
      },
      {
        "text": "nuts",
        "alias": "user-allergy-item",
        "meta": "@user-allergy-item",
        "userDefined": true
      },
      {
        "text": " from ",
        "userDefined": false
      },
      {
        "text": "my allergies",
        "alias": "user-field-allergies",
        "meta": "@user-field-allergies",
        "userDefined": true
      }
    ],
    "isTemplate": false,
    "count": 0
  },
  {
    "id": "49ac74d2-4ae7-4c8e-b3f7-b5a080968c2f",
    "data": [
      {
        "text": "I ",
        "userDefined": false
      },
      {
        "text": "can\u0027t have",
        "alias": "user-field-allergies",
        "meta": "@user-field-allergies",
        "userDefined": true
      },
      {
        "text": " ",
        "userDefined": false
      },
      {
        "text": "nuts",
        "alias": "user-allergy-item",
        "meta": "@user-allergy-item",
        "userDefined": true
      }
    ],
    "isTemplate": false,
    "count": 0
  },
  {
    "id": "2df867ac-3f31-4185-9b2c-79d987119c26",
    "data": [
      {
        "text": "I ",
        "userDefined": false
      },
      {
        "text": "can\u0027t have",
        "alias": "user-field-allergies",
        "meta": "@user-field-allergies",
        "userDefined": true
      },
      {
        "text": " ",
        "userDefined": false
      },
      {
        "text": "gluten",
        "alias": "user-allergy-item",
        "meta": "@user-allergy-item",
        "userDefined": true
      }
    ],
    "isTemplate": false,
    "count": 0
  },
  {
    "id": "ba26d0bd-a598-42b7-a831-6af312e426f8",
    "data": [
      {
        "text": "I\u0027m ",
        "userDefined": false
      },
      {
        "text": "allergic to",
        "alias": "user-field-allergies",
        "meta": "@user-field-allergies",
        "userDefined": true
      },
      {
        "text": " ",
        "userDefined": false
      },
      {
        "text": "nuts",
        "alias": "user-allergy-item",
        "meta": "@user-allergy-item",
        "userDefined": true
      }
    ],
    "isTemplate": false,
    "count": 0
  }
]