[
  {
    "id": "45088ece-fa4d-44bc-8fce-cf0703f11fcb",
    "data": [
      {
        "text": "what do you have saved",
        "userDefined": false
      }
    ],
    "isTemplate": false,
    "count": 0
  },
  {
    "id": "4d92b42c-754c-4b69-a3bd-8f07ce3ab3ca",
    "data": [
      {
        "text": "read my data back to me",
        "userDefined": false
      }
    ],
    "isTemplate": false,
    "count": 0
  },
  {
    "id": "e9c95039-2b20-4fbc-9f91-1d3aa1faa102",
    "data": [
      {
        "text": "read my data",
        "userDefined": false
      }
    ],
    "isTemplate": false,
    "count": 0
  }
]