[
  {
    "id": "30dd1168-6c97-4b7b-b041-799491a3d9bc",
    "data": [
      {
        "text": "where can i eat ",
        "userDefined": false
      },
      {
        "text": "tomorrow",
        "alias": "date-time",
        "meta": "@sys.date-time",
        "userDefined": true
      }
    ],
    "isTemplate": false,
    "count": 0,
    "updated": 1539028921
  },
  {
    "id": "5629e29a-c083-4b98-b74b-96c5b3b966c1",
    "data": [
      {
        "text": "availability ",
        "userDefined": false
      },
      {
        "text": "tomorrow",
        "alias": "date-time",
        "meta": "@sys.date-time",
        "userDefined": false
      }
    ],
    "isTemplate": false,
    "count": 0,
    "updated": 1538895827
  },
  {
    "id": "9ff8a153-eea4-4a99-802f-68fd922ed1cb",
    "data": [
      {
        "text": "availability ",
        "userDefined": false
      },
      {
        "text": "tuesday",
        "alias": "date-time",
        "meta": "@sys.date-time",
        "userDefined": false
      }
    ],
    "isTemplate": false,
    "count": 0,
    "updated": 1539028921
  },
  {
    "id": "c6c7355c-8a0e-46fe-a766-1e51977a09c9",
    "data": [
      {
        "text": "monday",
        "alias": "date-time",
        "meta": "@sys.date-time",
        "userDefined": false
      },
      {
        "text": " availability",
        "userDefined": false
      }
    ],
    "isTemplate": false,
    "count": 0,
    "updated": 1539028921
  },
  {
    "id": "47c50031-64fc-4033-b51f-1b5f6a1e608d",
    "data": [
      {
        "text": "Where can I eat",
        "userDefined": false
      }
    ],
    "isTemplate": false,
    "count": 0,
    "updated": 1538895827
  },
  {
    "id": "65fabac1-2e1e-43f0-ade4-eb2c8eb898ee",
    "data": [
      {
        "text": "Where can I eat ",
        "userDefined": false
      },
      {
        "text": "right now",
        "alias": "date-time",
        "meta": "@sys.date-time",
        "userDefined": true
      }
    ],
    "isTemplate": false,
    "count": 0,
    "updated": 1538895827
  },
  {
    "id": "5301d917-bd2f-45ff-8c67-207f82552059",
    "data": [
      {
        "text": "what\u0027s open ",
        "userDefined": false
      },
      {
        "text": "right now",
        "alias": "date-time",
        "meta": "@sys.date-time",
        "userDefined": true
      }
    ],
    "isTemplate": false,
    "count": 0,
    "updated": 1539029632
  },
  {
    "id": "a676d4e8-87cd-431c-b492-36ff02e3189b",
    "data": [
      {
        "text": "where can I eat on ",
        "userDefined": false
      },
      {
        "text": "wednesday",
        "alias": "date-time",
        "meta": "@sys.date-time",
        "userDefined": true
      }
    ],
    "isTemplate": false,
    "count": 0,
    "updated": 1539028921
  },
  {
    "id": "a2dcd843-02c6-4743-886d-54fc4f3527c8",
    "data": [
      {
        "text": "availability",
        "userDefined": false
      }
    ],
    "isTemplate": false,
    "count": 0,
    "updated": 1538895827
  },
  {
    "id": "304514d5-2309-40cc-bdff-0fa056128258",
    "data": [
      {
        "text": "availability ",
        "userDefined": false
      },
      {
        "text": "today",
        "alias": "date-time",
        "meta": "@sys.date-time",
        "userDefined": false
      }
    ],
    "isTemplate": false,
    "count": 0,
    "updated": 1538895827
  }
]